rsid	P
rs9696581	0.3062
rs10978964	0.7868
rs12348111	0.8703
rs12352395	0.8828
rs76133081	0.2989
rs78361187	0.1905
rs79604600	0.1788
rs4978532	0.3362
rs79895530	0.04136
rs28534869	0.9043
rs142831095	0.3103
rs28501144	0.1429
rs12345691	0.8454
rs41368853	0.2022
rs55732410	0.1501
rs59334406	0.05166
rs60427111	0.02456
rs60233772	0.1464
rs58725849	0.1518
rs10978967	0.1058
rs10978969	0.9128
rs61027573	0.464
rs60346363	0.4601
rs28379887	0.1391
rs28718553	0.1493
rs28558750	0.149
rs7849612	0.07299
rs28545042	0.1482
rs76946202	0.07676
rs28410234	0.1386
rs28756961	0.1327
rs75793229	0.07801
rs10978972	0.1085
rs13440356	0.5698
rs75955487	0.0749
rs10978974	0.537
rs11790667	0.5274
rs7029376	0.5625
rs7029428	0.568
rs7029887	0.4048
rs115640159	0.3759
rs12002450	0.3704
rs115252919	0.07851
rs12344177	0.5426
rs12344248	0.5639
rs12344206	0.9836
rs11791331	0.5616
rs9792411	0.2313
rs9792645	0.5472
rs112232172	0.07781
rs9792647	0.5634
rs9792559	0.5707
rs150382946	0.07557
rs138024053	0.3104
rs12345493	0.4342
rs61009260	0.07998
rs10978976	0.5446
rs10978979	0.8915
rs10816543	0.5267
rs10816544	0.5135
rs10816545	0.5117
rs4979218	0.2831
rs10978980	0.5461
rs12347957	0.7696
rs4979219	0.2569
rs7040614	0.08154
rs7027436	0.9104
rs7856386	0.02038
rs1523782	0.4541
rs1523781	0.4588
rs1523780	0.4305
rs1523779	0.3428
rs10816546	0.8367
rs4540459	0.4479
rs10759246	0.471
rs114080587	0.3004
rs62569567	0.8489
rs74569343	0.3213
rs10118690	0.03279
rs10978983	0.8284
rs10118715	0.07751
rs79726449	0.03341
rs7854757	0.03721
rs7868809	0.08578
rs7868525	0.03485
rs79752115	0.09781
rs58863066	0.02563
rs12347467	0.07854
rs12347544	0.119
rs12347609	0.0943
rs12347610	0.021
rs12352414	0.02199
rs12347622	0.118
rs77233150	0.6815
rs10978984	0.1715
rs58497450	0.0216
rs7847530	0.3839
rs58699609	0.02103
rs12339806	0.02862
rs61386182	0.3967
rs12339850	0.03056
rs7847590	0.1575
rs77516758	0.03271
rs12350134	0.03375
rs113618786	0.06159
rs112397075	0.1481
rs73653618	0.1758
rs13292832	0.5338
rs12351345	0.8662
rs10978987	0.2225
rs10816547	0.6499
rs62569569	0.7046
rs73653620	0.8885
rs12351531	0.1951
rs10978988	0.4063
rs35059652	0.1574
rs12351587	0.2483
rs12351589	0.2741
rs76936642	0.08634
rs59783559	0.8635
rs59749621	0.4433
rs12235793	0.4381
rs80289156	0.01032
rs118151730	0.4186
rs62569570	0.4221
rs10816548	0.4109
rs7871324	0.6144
rs7871132	0.1288
rs56359788	0.4185
rs78803845	0.3113
rs7044619	0.349
rs11788197	0.01184
rs10978989	0.4272
rs148081751	0.3167
rs10978990	0.4105
rs41369947	0.314
rs113357851	0.4257
rs62569572	0.4201
rs10978991	0.4687
rs12236680	0.1363
rs149477956	0.2671
rs78840172	0.01398
rs10816550	0.1384
rs148609192	0.3217
rs7026146	0.08184
rs940290	0.07748
rs940289	0.08306
rs940288	0.02566
rs79684385	0.28
rs940287	0.4463
rs59767327	0.4577
rs59030572	0.4623
rs117450108	0.6096
rs10816551	0.01509
rs11789927	0.01511
rs11789950	0.01412
rs10978992	0.208
rs10978993	0.2427
rs10978994	0.4875
rs10978995	0.5812
rs10978996	0.2415
rs10816552	0.2793
rs10759247	0.08048
rs10759248	0.01526
rs4524853	0.1597
rs80110868	0.8801
rs10816553	0.2189
rs3858079	0.1305
rs3858080	0.09017
rs60173602	0.5975
rs78046921	0.02095
rs78711829	0.02609
rs79651359	0.0801
rs79555059	0.01518
rs10816554	0.5596
rs10117475	0.2288
rs115064867	0.4493
rs11794397	0.01287
rs1523778	0.2409
rs35048834	0.6829
rs75441687	0.01121
rs12555610	0.636
rs56065838	0.7396
rs10979000	0.01152
rs138970646	0.9634
rs10979001	0.02022
rs57588263	0.4523
rs75476100	0.5254
rs74438815	0.0249
rs35216173	0.6433
rs10979002	0.521
rs11788158	0.5867
rs12336842	0.7565
rs57258673	0.4379
rs76931493	0.2194
rs146839855	0.3265
rs35493347	0.5943
rs117971753	0.7067
rs10759250	0.09434
rs4272449	0.2346
rs7047394	0.3658
rs4989314	0.2301
rs6477587	0.9135
rs1916697	0.2256
rs12340588	0.7658
rs111833017	0.4492
rs10759251	0.4762
rs4979247	0.8771
rs4979248	0.1166
rs4978540	0.2483
rs35396193	0.02564
rs10816555	0.07945
rs4979249	0.2059
rs67407640	0.06558
rs73514986	0.9698
rs10979004	0.227
rs10759252	0.5857
rs77915644	0.5831
rs13293372	0.05861
rs7861437	0.2416
rs10759253	0.05144
rs4978541	0.05685
rs10816556	0.07251
rs10759254	0.06782
rs10979005	0.1472
rs10979006	0.1518
rs78224504	0.5417
rs34326601	0.05636
rs11789097	0.4339
rs1403855	0.2973
rs1403856	0.2223
rs9969716	0.4144
rs72744125	0.06149
rs10816557	0.07281
rs9969718	0.8744
rs7469799	0.08169
rs66531856	0.06304
rs73514999	0.1113
rs4394452	0.05663
rs1523783	0.4017
rs55676785	0.4489
rs1523784	0.03705
rs77622393	0.09989
rs2049365	0.02351
rs7023431	0.175
rs2049366	0.01472
rs7040076	0.01657
rs35947111	0.01316
rs181770269	0.4332
rs10979013	0.07398
rs10979014	0.08136
rs73516910	0.1446
rs79899121	0.1059
rs954379	0.2665
rs869374	0.07428
rs7037177	0.4496
rs7037196	0.4044
rs1418947	0.211
rs872523	0.09723
rs872522	0.1504
rs10816558	0.1275
rs2140479	0.445
rs66624160	0.5237
rs10123702	0.03884
rs10117620	0.03947
rs2177432	0.6082
rs7045020	0.3403
rs10123747	0.0542
rs13288787	0.06747
rs60640360	0.0315
rs4557764	0.3127
rs60514260	0.01601
rs117741694	0.1746
rs4979252	0.1811
rs56125181	0.995
rs10512382	0.1659
rs76038557	0.06089
rs1888152	0.147
rs78151434	0.0119
rs79159618	0.01725
rs6477588	0.03266
rs7027151	0.002831
rs12685971	0.01744
rs56380690	0.9759
rs12684877	0.02483
rs2183360	0.004053
rs4979255	0.04418
rs2149998	0.1378
rs4979258	0.003088
rs7032602	0.001553
rs4978543	0.772
rs4978544	0.002679
rs60041652	0.7281
rs7861362	0.02113
rs7861443	0.1367
rs4979262	0.8863
rs4979263	0.1535
rs80084102	0.03747
rs10979017	0.5061
rs76993945	0.03576
rs78756781	0.04343
rs4978547	0.1682
rs4979264	0.1581
rs12351388	0.03424
rs79240364	0.2964
rs6477589	0.771
rs6477590	0.07273
rs6477591	0.02032
rs7855060	0.653
rs78136497	0.002411
rs1330145	0.01232
rs4979265	0.07136
rs41501947	0.8284
rs72744146	0.7529
rs73516939	0.5087
rs12347172	0.2384
rs77405516	0.2896
rs75313963	0.002004
rs10979018	0.2652
rs78264933	0.00806
rs116992483	0.7403
rs1880147	0.001422
rs1880146	0.169
rs1880145	0.03708
rs115762927	0.7058
rs10816559	0.1116
rs10979021	0.2917
rs12349740	0.2622
rs75608911	0.00302
rs117891394	0.713
rs13292222	0.04267
rs146912140	0.00216
rs1411355	0.03662
rs4145773	0.2387
rs10816561	0.003248
rs955805	0.03214
rs55785618	0.2389
rs56229709	0.00245
rs7021898	0.09706
rs58217314	0.867
rs59749343	0.7808
rs73516949	0.01968
rs80272382	0.002577
rs7874022	0.004253
rs72744157	0.7079
rs79975085	0.2597
rs28459341	0.1684
rs145891283	0.3918
rs28728018	0.2802
rs78778811	0.2947
rs79560761	0.2292
rs112415986	0.2378
rs73653645	0.9269
rs73516958	0.1853
rs1970013	0.1993
rs1536951	0.626
rs138522238	0.566
rs59018374	0.5777
rs72744158	0.7472
rs58069998	0.5339
rs11791771	0.4204
rs10979022	0.3196
rs11789693	0.5389
rs11789713	0.5025
rs10979023	0.0006318
rs7030148	0.04008
rs10816562	0.4417
rs147283448	0.08959
rs73653646	0.4235
rs115645764	0.2074
rs140587304	0.6113
rs9695703	0.4538
rs7038436	0.4657
rs75081114	0.38
rs7038710	0.711
rs7038729	0.4088
rs2001785	0.05918
rs117603826	0.8574
rs4483216	0.04054
rs12338922	0.3213
rs2030642	0.2802
rs2030643	0.174
rs143758138	0.8867
rs146852099	0.9279
rs12344966	0.2472
rs75456757	0.003426
rs72744163	0.9687
rs10979024	0.00511
rs10979025	0.1211
rs1962079	0.1859
rs10816563	0.0008266
rs10816564	0.0008872
rs141458929	0.9021
rs72744167	0.9929
rs146840666	0.5362
rs183614241	0.5603
rs115234782	0.18
rs1829916	0.246
rs10816565	0.03664
rs67741957	0.9581
rs7847467	0.8331
rs11792445	0.7689
rs118122044	0.7792
rs10217338	0.07077
rs11789974	0.03115
rs145358947	0.9327
rs12555298	0.5962
rs41442946	0.01981
rs6477592	0.005637
rs118161146	0.8451
rs117147232	0.01696
rs4979288	0.9578
rs146302625	0.01798
rs7863656	0.8332
rs7036850	0.001475
rs72746128	0.989
rs192605821	0.6483
rs192544789	0.6882
rs12352392	0.003269
rs6477593	0.001169
rs7022716	0.4129
rs4979291	0.822
rs78366498	0.008071
rs114930635	0.0254
rs1571572	0.002576
rs74767666	0.04898
rs193007271	0.6015
rs7863292	0.6608
rs74642229	0.7168
rs6477595	0.03129
rs10759255	0.0001329
rs74608082	0.1033
rs2417804	2.672e-06
rs117863928	0.9718
rs7044046	1.418e-06
rs6477596	0.000149
rs12347252	0.3686
rs4978559	1.599e-06
rs117366431	0.5279
rs11792735	0.9527
rs190231764	0.2727
rs10979029	0.4733
rs10979030	0.7587
rs1851741	0.0007261
rs77692542	0.8271
rs4979308	0.001728
rs184055399	0.8522
rs41527445	0.001193
rs141126490	0.8317
rs10119850	0.00592
rs1880143	0.006252
rs73518922	0.1033
rs944178	0.1817
rs72746134	0.9585
rs2030640	0.00039
rs2030641	0.0003776
rs944177	0.3123
rs77288049	0.0146
rs10979031	0.4969
rs944176	0.3746
rs944175	4.511e-07
rs79204650	0.3199
rs7470561	0.0003746
rs10979032	8.593e-07
rs10115530	0.01168
rs10115546	0.0001821
rs4376551	4.11e-06
rs12338011	0.01264
rs12338114	0.004511
rs4978563	0.0003441
rs13285373	1.926e-06
rs7857211	1.042e-06
rs10816567	0.4917
rs117793571	0.9579
rs4979329	0.0004269
rs4979332	7.752e-07
rs41400847	0.4274
rs7037931	1.407e-06
rs76253194	0.006165
rs11790495	0.02338
rs10733564	5.759e-06
rs10512381	0.3651
rs7042939	4.78e-07
rs6477598	4.743e-08
rs4978566	3.956e-07
rs7860653	5.84e-08
rs10979034	1.141e-07
rs72746143	0.5642
rs10979036	3.211e-08
rs145346476	0.5944
rs10979037	3.675e-08
rs7033039	0.9035
rs944174	4.76e-07
rs944173	1.743e-08
rs75784662	0.3507
rs117295005	0.281
rs72746145	0.7378
rs1970014	1.015e-10
rs6477599	2.495e-10
rs944172	3.591e-12
rs117278420	0.304
rs10117695	0.003825
rs118136773	0.3102
rs10816568	1.059e-10
rs10118459	7.807e-09
rs10816569	1.151e-10
rs10512380	1.049e-10
rs117492258	0.1733
rs13293393	2.507e-08
rs10512379	0.7366
rs12684481	0.9363
rs117114212	0.9314
rs80125546	0.06409
rs7040755	9.934e-11
rs182581287	0.02864
rs79446778	0.9026
rs11792803	0.8784
rs117516436	0.9161
rs11792841	0.9294
rs55664534	0.9042
rs12348975	0.001506
rs12348910	0.001504
rs12339857	0.006316
rs1952672	1.25e-09
rs35528212	0.9268
rs2140480	7.685e-12
rs12337757	0.001269
rs12342276	0.0002191
rs112133626	0.00148
rs2177433	1.073e-08
rs117768684	0.787
rs150927585	0.9205
rs117401894	0.007576
rs117661445	0.9102
rs72746154	0.03626
rs75736408	0.8831
rs12347133	0.0004338
rs117388951	0.7562
rs28376933	0.0004072
rs12339291	0.000407
rs1967604	3.967e-12
rs75107624	0.0002647
rs138210731	0.3148
rs7021668	2.44e-09
rs7849563	0.926
rs7865094	5.186e-05
rs141587918	0.9156
rs10816570	9.415e-10
rs10759257	1.152e-09
rs117512084	0.9649
rs2140483	1.385e-10
rs117362335	0.8548
rs74640588	0.008289
rs2140482	2.948e-09
rs2140481	7.72e-07
rs57874597	0.0002379
rs10979039	6.666e-09
rs12343121	0.000244
rs117851014	0.6565
rs7028227	1.78e-08
rs4979363	0.8398
rs1831382	2.093e-11
rs1576464	3.258e-09
rs2104759	9.859e-11
rs28784969	0.0003544
rs76852427	0.000355
rs10979040	9.122e-11
rs10979041	3.129e-08
rs1467311	3.541e-10
rs10979042	1.367e-08
rs79347270	0.4375
rs72746161	0.8389
rs72746163	0.9246
rs12685872	0.9836
rs1411357	9.83e-12
rs1357574	2.141e-08
rs11790698	0.9751
rs4979370	1.368e-11
rs10759258	1.621e-11
rs17625771	0.0003112
rs1330150	4.1e-09
rs139646240	0.9989
rs4979374	0.7621
rs10979048	0.7761
rs10979049	0.7974
rs1330149	1.93e-11
rs10118587	0.0002732
rs10979051	2.176e-09
rs7041510	0.985
rs28399092	0.0002293
rs79356645	0.7935
rs10816573	0.8325
rs146893866	0.16
rs75250683	0.0002212
rs4978583	0.7857
rs10979053	0.8635
rs34519376	0.9591
rs148184530	0.8512
rs72746176	0.1642
rs10816574	0.3087
rs1330148	0.02419
rs139406525	0.9798
rs1330147	0.1075
rs10759260	0.02011
rs76473683	0.2921
rs11999026	0.5959
rs72746178	0.2631
rs67107382	0.6244
rs117361246	0.5962
rs953383	0.661
rs1330146	0.08646
rs58368563	0.2244
rs62569612	0.07678
rs12004502	0.2385
rs72748436	0.2593
rs10816576	0.07773
rs56315709	0.264
rs56403712	0.264
rs56040615	0.1865
rs77095932	0.02639
rs55900311	0.1998
rs72748438	0.276
rs74685776	0.2313
rs192380988	0.03486
rs147549961	0.1605
rs72748440	0.1794
rs56741802	0.03542
rs72748444	0.2899
rs72748446	0.2944
rs79040872	0.03381
rs1360257	0.003903
rs10979056	0.2478
rs1411356	0.6757
rs78576980	0.02915
rs117615724	0.8096
rs146425001	0.03047
rs116105933	0.2877
rs28795700	0.06153
rs12685268	0.1092
rs78555119	0.6348
rs75625667	0.06553
rs72748449	0.1608
rs184079507	0.5601
rs118187398	0.6661
rs1403854	0.06663
rs1829915	0.06991
rs72748450	0.7413
rs111931398	0.07014
rs55751760	0.3484
rs10979062	0.38
rs75010580	0.3298
rs117563446	0.1825
rs1474334	0.06423
rs2417805	0.4852
rs9942956	0.3754
rs150620166	0.2049
rs61066968	0.4006
rs9942958	0.5201
rs73521213	0.2139
rs75765317	0.04543
rs12339041	0.03206
rs12348250	0.03341
rs56010533	0.7511
rs117924504	0.9243
rs76980428	0.3608
rs7042211	0.5179
rs7028182	0.06774
rs9632903	0.03801
rs9632904	0.03491
rs55695229	0.349
rs78110002	0.07423
rs28536568	0.03151
rs35141901	0.06983
rs11794767	0.3573
rs76204931	0.03848
rs7848776	0.1286
rs78330546	0.4012
rs79017322	0.4287
rs59512134	0.4891
rs75983440	0.07803
rs77132714	0.03334
rs79301439	0.4143
rs117769880	0.4431
rs150873729	0.9984
rs7023483	0.3474
rs74402493	0.03277
rs77621408	0.04814
rs187425740	0.01226
rs142633017	0.9611
rs78180117	0.03618
rs75391457	0.002487
rs75410544	0.4692
rs113169150	0.4393
rs7037334	0.05424
rs7037353	0.04393
rs7037343	0.05716
rs7037455	0.08988
rs10816577	0.4895
rs111414228	0.4386
rs112472067	0.4125
rs117729659	0.02883
rs10121193	0.04408
rs62570465	0.135
rs72748456	0.6846
rs146002854	0.8904
rs4978608	0.7902
rs117360975	0.4367
rs7030656	0.4449
rs77950977	0.02938
rs75763221	0.03001
rs139796674	0.002664
rs12343543	0.6623
rs78563864	0.0403
rs111615601	0.3953
rs115821015	0.6047
rs10733565	0.3275
rs150862909	0.7791
rs36083591	0.06165
rs7875395	0.7954
rs7875748	0.3262
rs148993457	0.8011
rs10123607	0.3784
rs150043362	0.6016
rs77622440	0.9755
rs11790831	0.05355
rs4978610	0.3428
rs36114766	0.05379
rs77354469	0.6173
rs10123319	0.7695
rs10979065	0.3051
rs57806428	0.7472
rs2860106	0.04798
rs10120889	0.7325
rs1581956	0.287
rs62570478	0.864
rs7853376	0.6569
rs77600258	0.5772
rs112907458	0.3443
rs62570480	0.9756
rs146357574	0.8671
rs79639474	0.108
rs7857950	0.564
rs10979066	0.6683
rs117197908	0.1652
rs140749846	0.8604
rs7856349	0.74
rs4978613	0.6486
rs4978614	0.7048
rs4978615	0.7459
rs149614374	0.2305
rs116935759	0.1608
rs73521235	0.1024
rs147764341	0.6719
rs11793615	0.04625
rs35773004	0.05604
rs145921713	0.19
rs141966130	0.2119
rs12338545	0.6173
rs7857484	0.6039
rs12555501	0.8433
rs7867899	0.6685
rs7868342	0.6645
rs12555854	0.6515
rs79058516	0.5662
rs116982288	0.3072
rs10979067	0.1201
rs117840218	0.2692
rs183623344	0.816
rs10512378	0.5995
rs77950815	0.4525
rs73653667	0.9609
rs6477601	0.9069
rs76070346	0.2202
rs72748462	0.7731
rs55846438	0.7978
rs76038100	0.2071
rs77682301	0.223
rs79657771	0.4169
rs4979491	0.897
rs7032824	0.1839
rs7033042	0.1553
rs7018537	0.9219
rs7863901	0.1961
rs78240477	0.1958
rs7868096	0.194
rs76564044	0.2392
rs79964127	0.2328
rs4979492	0.2976
rs60759939	0.8281
rs7018799	0.9239
rs7018800	0.3402
rs73521248	0.6784
rs7035870	0.2414
rs76513680	0.8242
